linkID,venue1,venue2
0,klu0zF1rWAoNAhKPsFyUog,4Bx4Js__1-EeTrDUNMFLFg
1,pzeb5vd0yC2yUKaRDyBrQg,oQFMJqDwNXbNMRbcmIYRYg
2,AShjimfb4-Acstqtg9OYrg,mBOIef7a4hONEbSi_ai8Bw
3,QfIJFYIVeZQ3phDJ96JRmw,egLYFnycp8ktxMCvilFdLw
4,Nxg73OigmRQQq0d1pKtkUQ,Nxg73OigmRQQq0d1pKtkUQ
5,tZkUF9LI9oxtNsZtsbpfVg,hyXNS3tSmi6njhBjgo8eGw
6,Yl2TN9c23ZGLUBSD9ks5Uw,Sflaxtv6SR0lgbL7-pIGPQ
7,WlkOFaqRL5vtYZZ7fl4x1Q,lDpVyjENOz_qbxbRoyBi8w
8,kd1NhNWvWo5AhBUSaGeSiw,pdTYUCGkYz35utxPyUMoag
9,eKznX8VTfcQrjCqXpeobiw,3glVZZh_vyZH1VvPU0307A
10,_crbEZ55ve6OFkoWa09R9A,SB1bzTva7pHbSLHz69xh6Q
11,GHUHWAaVjKDn74r50EKKMA,g5CXBoGd3sYNEGAEbYqp1Q
12,PM5vkmr8FqOIWE0pe3C2Fw,VAhDMG64OqR3WNODHMhMtg
13,zgQHtqX0gqMw1nlBZl2VnQ,6OhahrmtLGmkUdPfaMck0A
14,NxpaDfYm8OB14Zw9QDFejA,R__NLOqjUlw8qf12KD-I5A
15,2vBo1wWJckBnGOHhxt9ecg,eSp5ge9VAwTywZKlJ_LBvA
16,e_ILiIs2pVpskfeL-zFtTw,mBOIef7a4hONEbSi_ai8Bw
17,P-nqq5kOv2wV2mB5To5elQ,E8xez_0iwqV88w5NKxeK3A
18,1Z9rGyR3Ld2mtnOTE4pNcg,mBWx_YzT-ZQPqqPGcBsiwQ
19,-J6FVdY9pSgAdFmmalO-pQ,r_BrIgzYcwo1NAuG9dLbpg
20,aEZ_EoArhpjV2p0q5MXFMA,VKSQmqWfEJF_mD_aivnv1w
21,NC-i4xLdgVAjnvL8YB4fuA,4m_hApwQ054v3ue_OxFmGw
22,7ODXq--HE7QpzvWwgk5rMA,_Wyo52ijeq3QgcmkIrhmAQ
23,aCQbOhehLeej31x6EMY5eQ,78Hx8KRI2SVKB-OibvEoag
24,j0aiaJkrU-5VgbCsdx-txg,jqvVB8AezYhCuVinJf5fWA
25,Da6eZFThE9xanUAGNpZxAg,mVVoK2ADlKbvwitSqFY2hw
26,XYIPXJ9parr9FtvvcGI1SA,H2gXfJQXltAqnpEwc58Img
27,zeiaHxtK2fTUz_jlPdIKPQ,Gl6xFX8vM5dqknF9azPCMQ
28,jw16yMOp1f3rryUMeQL48Q,-03HVYxkeYWaafEpNJo1SA
29,CB8HrynUWR4Odnj-XTY-Ew,ciHtNE7zKzr25IX_L6pNSQ
30,LiY0vRXMWrjUrXQr2Z_D4A,YipJWgvwnCwYd59IlssR7Q
31,orrhJxM6V1USwccG7MlxmA,J-cXzP24JUjp8ebxUTwfaA
32,IE1lzZvdD9UnGeB1kXjuOQ,nIskoP3-_MttghA3d-eYBA
33,o4gB1zWiCHgbjq-tNFRW-g,0a2O150ytxrDjDzXNfRWkA
34,BLwopwKT4lr50nAo1G0DAA,IikkB8j2E-1QmujRsPh5wQ
35,GkVyVKR2vGwHsweK6QbcGg,39nPYUxkRn8SQY29C322UQ
36,bYGn37k0KgleABKMWgjnMw,yyT2aODioewkwIP-dQZ_wA
37,yLM3YK6sBM4xXpnF3ayGlw,ttuEwktrkmh3TUlSFPZqAA
38,cB7FhpOwFCn380G6WGpJzw,VRwT0pscR5vESCrAnUpNwQ
39,TSdWpsHJUzYynl3e7_ewcQ,d_QHsjv4aPh2BKiHgk_Dcg
40,MS-hfug4QDXqb_Mws3qlzA,bYGn37k0KgleABKMWgjnMw
41,YXjD1_p0mvZkdI8S_RKdnA,5dy8OiWJty9AuxBcBzeBZQ
42,tuUX96eC3SBnNKNO7l6rew,SW0NcZwZsbSpsk0ZPgJKmQ
43,4MfcvMRmRCyndMrQ-vgPvg,hDy-uY7Vy_TZdGBzw59lhA
44,awbcsO33ZZFBlA-LLAjysA,LXOFoHui5fafehNC2VQiZw
45,bht7vUAOOD7uY4_6YRnVAw,GexEfiyVAtNjrBFYMwJEWA
46,KteURpvwtwYkZpqlZzkt-Q,mFBZcwkHuys0pbyBGOhKoQ
47,SxvKjtbq5qRlFoXrU8Bo9Q,79-_vRcYsqAdIt-kclyDHg
48,arpBUwgiaE8iqfNGMQ_hgg,9KBd2YPnRxaNjZz23TUd6A
49,jd2jM22n-2DaIqlqVitUbw,s8N66BJ9P-sqhisX47o1Sg
50,KWojrEKjUqHCRI5HO7pB4g,ZgGg7frEjgmNMdIrRpiouw
51,o2uZemnFnlyEV0YDEiWBIw,B01pO_pI_8AOfEsukGNg-Q
52,KIs5vcQLVExjxtEOBNkXdA,_eJ2ETotJBzZBQS15fD-8A
53,Yv4P4qUwd7F-qQ4Y4eD1JQ,G24p1oGGfY3t-m8Z2lPCaQ
54,3zyt4IW7Ic0yyeiLV7hk_w,58h2EhvN3iJ4jeu95N5YzA
55,QfQrx8iDa_YpLubSi7Yfsg,gOvEzwpu3KbW5aJReQzYRg
56,dTuT_G3Zp79RZmnF3oxfiA,r_BrIgzYcwo1NAuG9dLbpg
57,_AiqOS8io_reYZri1OeP1g,Axd4Ggd3H9dLAWD__UHYVQ
58,sENKAK309JW663SokXQ5RQ,RGvUxKmxI8yGIdkFYgiINw
59,MzEH3h8meWt7fW146U7y0g,tN8UltYOJDKGlYO-T6XY2g
60,wcYar8rgLFA7Mu3wJUqEgQ,QkVDxEo5-_3EScH0cXKDfQ
61,O_UC_izJXcAmkm6HlEyGSA,ui3NMjdiIrILl9JFGcLfbg
62,egLYFnycp8ktxMCvilFdLw,LBHbyID7tcaGszznHtnCrw
63,4BBda3yy_8GXGmYLcgggHw,4wtqTzXPPp_6vBfFQKiTGQ
64,73_UT7fZ7mzXcguX8-oSuQ,VNyWT0hLkIHzt5HQ0W4tSg
65,l1SGwoX-qkd17XUNkrvskQ,p_Za3DGM38Xc-VKWJ-9jqQ
66,8I2XBrjf4rOEWx7pnKpVeg,QhAmKLX_0AgQe5HLxode9Q
67,72KojSHoxp8DissRtcXn-g,SgnkmDmuTUefJ96mZR0W-w
68,n44grut83X0UiRZCA-O1fw,OLtAIC9rqBfIbJmKfWYlSQ
69,JCqB36SVDjTDsXp-4gBn9Q,VEMX1R4xtF5AXwKlNMyDVg
70,mG71gQ5HWl7ut9OCN6NJKA,mG71gQ5HWl7ut9OCN6NJKA
71,Yl2TN9c23ZGLUBSD9ks5Uw,7iV5frbYn3FSRGxqmCnC_Q
72,_xJINZ8_Dtvi8r29qkXCCw,Orgm9nmcClxnAUva4nOKyA
73,5S5KpaAD6G1HWgYw7l5EHw,m3A-UM3XRo8Jql7Sq8Vhow
74,0ED9PlLogo_HYWuoSRaTpw,z1jWE9gO4ehWJESM_H7zpA
75,0LsH3PYy7aemkjgQTI2MVQ,AFIPIemA3dHRFxH_RgIIBA
76,3k9treY8PmsZ42bKmuICgA,42-UJ-c_97IeqUc6BWjmnA
77,UsKmYp0m8VYWM96tkGm2vQ,RPDyVJdNjDZIiG1NG1568A
78,mdoALqA201oRodl-lN_czg,vLWphV8xAVYflOn1gCU9Jw
79,iDCAMAg7XPBx2g-82AIsgg,wSojc-y-d7MWiGWdy8deCg
80,C4sVRSWeWuXo0OtnXewsjQ,4Jscimulh38Rq2hOgjb2Hg
81,lCjPw8i-bCAd8_W3yzQa8Q,LynxmsOdpc_odmkSM2bA_w
82,jc3p5SFyt9qrrMXt6E13ig,l1_S1mfGbEMxfT1f9omhEA
83,lbcg35bTWHuaLOivuL7tOQ,HjYtZblzjPkQDvJouvKWrg
84,PNiH-BJRo2STl6bd5o_AvA,Orgm9nmcClxnAUva4nOKyA
85,p3x4Ug2Z75lRqBVv7x6TTA,ZxwTs6uEDRnC-kNnsrDNsA
86,K-tKnqhblGR7K4R3roKmqA,kq4QeM2tmBz52mIfVbnNkA
87,UibLK2TXbSljTkpZpZ-8Lw,iGEvDk6hsizigmXhDKs2Vg
88,LOL3AzAwwDNBcpZTRT3JEw,XZxJ4fG-4a3PP9VP5jvDWw
89,-av1lZI1JDY_RZN2eTMnWg,VZbKJBbcxCOvuZyuEOojsg
90,pwtTn72x7Nqp1imaXw9LvQ,TJstASXrfYFnVz5-zfSeWA
91,4BBda3yy_8GXGmYLcgggHw,QF4tRJ-ot7dYwebAsn0seg
92,TEhC3kv0LJLH3pPC-t6CYw,Cew9RRnuldbqaL3MW6p1wg
93,zmfa8RNxqSuOJ9Nx-CMs_Q,G6EkDTXZ6zMUovg7JTG4YQ
94,dT70QOjn-o9pkdSAAPdSWQ,9Eghhu_LzEJgDKNgisf3rg
95,yY3jNsrpCyKTqQuRuLV8gw,9Z7JJvzB_5FG27QrTiws3Q
96,qvqEYmiTpzJkXFV77YhT9w,OURoudNtFXyd7RTtl5ASKg
97,rtr3fSe2DIjjTkyHJQtCAQ,6ZMrT3rIB2XedgZ4SBu9sQ
98,1w0Tko5c-8HxsAdOUX81lg,Lyzr1uckXL0U-iBoMc0yfg
99,DYGCzsHi7pT4AAe8kh5Dug,hAhvkwAjzvuzxrfu4XI_PA
100,Y1jrsVAWK1bFC_s1CJmICw,f6eYVrrILm5mcPqWKoMiHg
101,_u1Bq7QsgMUXSMex8QHqLQ,Gc8xWVpbUlBYHAoOT9MTyQ
102,GRTKpAPV523YqJpD3g4VOg,UNz_u4TVswrPg9JyB0qwbw
103,-9dmhyBvepc08KPEHlEM0w,IRF1hPi3GuxJ-EpoEpzI7Q
104,VdiyAGkBzmQfN7ajrluTnQ,R3FZENdOY_TTKykKsJIuRA
105,FjTihEfjgq9dm3IJ7S888Q,RG4NphZCi8Pw6Ei-g6oaqg
106,hDy-uY7Vy_TZdGBzw59lhA,wcR9Vbwn2EmlSeV7uBUIsA
107,Da6eZFThE9xanUAGNpZxAg,27_N5P9HZ86IviONPT_twg
108,d3olNIBeuH4Eeqc3mkX8LA,d3olNIBeuH4Eeqc3mkX8LA
109,tCjlXROlbcaGiBRfU2jaiw,Taj-hM4T8cF-u7WtATwSmg
110,He_4k_w_8bjWnoepahS2zw,JiYlmAqfqfiGK3JycqhOqw
111,cisqOxAgQPjVVr9Yzk8_dw,2PCz_uVX7GOXtGHNXAPXhw
112,8VQu2-4UOXNm0eqVpjkE_Q,NEYMAeK1BeR2E_vELnEIDA
113,3yPNz-GQ3b1VITYWiMeBMQ,mK9UEd82C73CWc5l6OvAIQ
114,HE6lR5ZYaKqM9ckkjXPeWw,kMSigAcVWboEHRBzyiiScA
115,bejxx0XrZ6Ogv-o-3InELA,BDaWhBjEF23ucDjy353-GA
116,lGmXgLQklCW0laI5Gdxopw,_Li7ZgVb2L15InDOB4y6Kw
117,t6FCO31z5uYrCM26jCaIaA,PM5vkmr8FqOIWE0pe3C2Fw
118,Da6eZFThE9xanUAGNpZxAg,SevK-sB1sjI_7sBXRnVdWg
119,9GKi6rHN_0FRdcVahyIOXQ,5r6-G9C4YLbC7Ziz57l3rQ
120,LiTnnzOJR4NRuFW1NxfPsw,V3gCqDlgMA7bkswtZ9Uuww
121,5-b5tD7VLlDwundbe85l7A,MlwsOef4hDJVHWOzutE6yw
122,N8jmyJCk-LjO9o1K9UjxNA,n3wrsVdN4V60jFLxmMqv8g
123,JYxQqBLH3La0lj9ip83M-g,bLrjQj3G9NAyKoi5EROj1Q
124,9xdVIIzHp12Zrox5aFaaHA,cjgMpPvY2dgJ3vAq556SiA
125,t6FCO31z5uYrCM26jCaIaA,kvtAMdXpAcxCLZFg-DlqJg
126,mCNzKFTukMYHkZVRMXIIyw,9ot8oInkYZTt6wkkGe__vQ
127,bE7zwbaBHFb_EKWL5qOhHQ,xs_He-j9zUk3zcXB3-s4dg
128,-BGePny4xouLAtRNgikUYg,1B2rus9niGfkeKu4MutSoA
129,o2uZemnFnlyEV0YDEiWBIw,yLZAThtPscqQ6XIvXftUMg
130,pdTYUCGkYz35utxPyUMoag,gloqawubcoXctPYWva6GCw
131,VFLf1AnhM_QMnnjZjsVO7Q,_5izyrn1qV0uyec65UsdIA
132,-OxDX2fPQLYi6ChW2Z6xxQ,yFQCdWr_k1pTObzHPGis9Q
133,IikkB8j2E-1QmujRsPh5wQ,G24p1oGGfY3t-m8Z2lPCaQ
134,3GloQuLAuj3mVvfiD4B8JA,Io1WmI1cUc8QaUVxSx1KuA
135,UDk7qUVIetK3Y3NuARguqg,xS5Tg_H9GBEyOTWl9JwhvA
136,ZhACHVw9k438Z3i-Gw9BHA,ouTtutGhJ7LQctNkZN2eZg
137,bRntmjztJ4dFDA_LYiEECw,5nyKUHibR4GCs6ojVljFdA
138,jOqh0eVjqtUOpZ9AZgSazA,bsFZnc2mYyGy5cFf5EWTWg
139,VA95qAV2PRH9gtTi2Vfv4Q,4u1iOihWOVkgNTId927fHg
140,i--dxuKd_6Dx7mwgQ5nl-g,wcR9Vbwn2EmlSeV7uBUIsA
141,sb6Pa8mzGvOYMMVnkNJMNg,Q05j54VUTxVRu29CFpBfKQ
142,O8oSsqUSHAXBalYEadFjxg,mYzlPKXvOVRrQivHnDqD5g
143,hlrZHM4D48XiQtXh6cRg_w,QAGCOIPgGEdBGMHr1hGxGA
144,pxk3liuqNhyo1WB_8ki6YA,w-T4zTgKC1kVgKMC3fxKMg
145,Ae4ABFarGMaI5lk1i98A0w,z4_Aut97zxHEen9LXYJ9Ig
146,2mZGnGIMUNRQY3d0hjdAxg,NacVvXJcY8XekBpsLoPBNA
147,9NMKFyr3Cw5wt_mlqv3U1g,2vuAlukfUZf3vbHsexEeDw
148,bSNKVZ-lXgKkms60vfPDsw,u2ETlHOcFdRz4BxcdfsK0Q
149,4SyAKQevPuB4punANp41-Q,mBOIef7a4hONEbSi_ai8Bw
150,AtpYrfIJJuSMc8h2fWQEIw,OllK5_S-7svgSwbUfx1xYA
151,CPcy22Hd2F7z0EKG66FMRA,7wsE_8oB-XWz5KJurb0O4w
152,47wBHgBwQ8_70sjmXow_1g,bDut3KRQJ0qLElfaJNQFgg
153,h5pqhSb74UeLNkv534m5Hg,mXvWf2_sXWNaLRsBo4O5Eg
154,8cDP0mjK0J6lk292IeKRGg,TgcjQfl1E9DE-SjDVOUDJQ
155,OIdOJaNS8M624F58XGV3PQ,q8MUVVuQpfR6v0HBHmAFxw
156,zu8Wj0gkbdnia7Dt4grMkQ,eDte9m746QQh13xy9COluQ
157,EEIz44ewHhOKmfTloAK13g,bxcVRvqq37Z_8J0tnL78rA
158,D1lAVtlav4atQTJnIvtcpw,saijdv-vXJrvsCfvr7SZOw
159,fPAEwObahvI01QBFv0-rbQ,z9SjyM0Ixr1ud8zI7Y93-A
160,OOO4iaFaBffyeZjiffJccA,-av1lZI1JDY_RZN2eTMnWg
161,XOkqRJBS6HwTVlrCACAZFw,gIQZsUBJhtyLquNd2Wss1w
162,MLQeuiL9rqOq_rDKGEcU0A,JG9UpsFR6hrqQqsKh_RyaQ
163,lQpxpk_ZFJ_ZtYNYhJQv8Q,ww_MXl-qDLeYdYTZZ9KWbA
164,U4iqELk1IiqARpk5uJJOZg,GcxE5hK_TaHP4EZFDYz2mg
165,G4pt2q9Tr5SkwCw3Wb43VA,5wbJ-4W2VxH11XHmJ_4h5g
166,t6FCO31z5uYrCM26jCaIaA,nqTvE7ivdU23oUWdI01tOA
167,JQvuCn7eEViv8JkYTVsskQ,ZMmgFw2P4LWsFXNn1ZGc1g
168,2lo7N8RZOCS0DDxO6LPQhw,75gAUZTD5RoOLvRb5axJSw
169,fGurvC5BdOfd5MIuLUQYVA,7qHU_Zh5qEJP3DaaBHqWBg
170,qmLtSxV25iQOYUlqTAdD-Q,pKvCGliDRl6qROoKvOevPA
171,Bl8d3MRR1DsBRf1qFPgn0w,6EVBc9kdc3Hd8KZkLVPnGA
172,TG-5UF3tHSP9xSq5L6b1Zg,fGurvC5BdOfd5MIuLUQYVA
173,XZ9Rpc3i-TlXzBQM5fPKwQ,_xAJZOKBMPOe47p1MphB2w
174,ygJshif4VuxL1ijnRJnuYA,PTGIaXoL9vpjrjOyOpSLdQ
175,3XmaqqVe6VOCR5w6Qs0A3A,w4SY_FlZnIfAb8UjDABPsQ
176,w9pwbsusI9DI637UYqMctQ,dUePqUU5pROUEPiWBau72A
177,vvho7_ZaJ0X6hf9aino2CA,O0zyXuEw_aojAK5ILW6WJA
178,7LBVI9euGV3ugO0-efZHvg,6oA6db9kH7NVFEGYRPXA-Q
179,FcJ7DkL-UKj8RLUi08lyfg,SLDnMBbWDge0g74BAy46xQ
180,pPgyuGtcNIBRfrPFu3Vceg,5sKb4h7R5gdhePSflPD0Tw
181,Da6eZFThE9xanUAGNpZxAg,LBHbyID7tcaGszznHtnCrw
182,qPoCRW6mjUISW_padb7v4g,lGQdnscJ2J8MXBoWx3-SRw
183,Dpl8d6eXq-YnF5zEV1cwMw,bz07FlaDmxHV9ER-cF6XuA
184,eryI97Mlqac45wti3MTqSw,Orui3Cu-dQKOz1I0lKYEAg
185,ukAUNyzUcBA4Su8UKjaJKg,ZumOnWbstgsIE6bJlxw0_Q
186,0a2O150ytxrDjDzXNfRWkA,AFifRDeqLD3nhYs6g68zwg
187,TRG1rwkydMzRIlGbhHEwzA,2lCjKqGK2s4FrJVPjJK1fg
188,zNjylXcTRfNfBecBrVbIpA,XbOr_yFpsPqTLefgc9I99g
189,gHmkE8VoNjJZDLVdTpJPOw,XFU7XiXOo7LB3uPLecRlOw
190,VUADGMPLJoWqhHb1G4LIcA,DmU7jjOoc93yw1CL66oRuw
191,OHp5N9xCUFo92EylNvx6dA,mhYqhFq1W2YF02up_fL_wA
192,VKQhuFBxAMFOvcSG6RuCEA,wcZiDpDRcFnH3hhGXHZrDA
193,299zxPD5gd-mB00nBsKJuQ,B4-2wA8Pj8MQK1Ylymypqg
194,bl0GSLa6DvLXCvhAw5DVUg,myJ6pgIhN42EQh2sAVXKoQ
195,HGFglKJ3-2CSsqF8IhexSw,EK38MXW_OsC5CZVvIZodIw
196,eBqGqgZpWuM2dyPRpHbWdg,-TjzQsimpriXVYaH3HdtQA
197,_crbEZ55ve6OFkoWa09R9A,0fhaHYT_NR2_qB3DIC2i_Q
198,e5dj4h4vTvZYQvKPnBvDjw,OQed6yRev3Jq6a-9BclpTQ
199,mkceCArNe87jwSdLfsslXg,mkceCArNe87jwSdLfsslXg
200,9ET_RUNztevq4_OLAX80Gg,SYGoFUdLLPyh1lZ9_nwOUA
201,EK38MXW_OsC5CZVvIZodIw,xtD-99RklyUGf3-kXKdslg
202,NDuUMJfrWk52RA-H-OtrpA,B_R1qvyOiMozYkzeV98K0w
203,-76didnxGiiMO80BjSpYsQ,arpBUwgiaE8iqfNGMQ_hgg
204,Yw5qYKInQfqekfX1CIxXAA,PREGU-o21vxhIgJ8W942sQ
205,XLc5WIzafCocqsycQhvEPw,x7V4wx8O_5EWP1SacNtWSQ
206,251cOqWFI9t0udLSdS6SCA,7qHU_Zh5qEJP3DaaBHqWBg
207,OVrNItYaf-AWNGgeJA1Tsw,sRirP65Q7BSg3Lj9FdkKWQ
208,tAzdE1tRcsznfWN6TOLP3Q,ng93vMQLaUwLCvsz5t06tQ
209,TrOgTZ0DfmQxvpTehiNibQ,pkeIqsI-y7OGLE1a6Yxkgg
210,qUWqjjjfpB2-4P3He5rsKw,oOGLDf2rzeCPS7UQ8hhPlQ
211,R-3d_5RvvYvAJc4cV6Rw_g,UkoseRjoLT4K2bEzvmyhYA
212,r48H_sNUGmcRGX1LsEc2mg,zrYpLdnGKA_EmOhgRCy_vg
213,CN5nuUQod0f8g3oh99qq0w,PGJd7yyMitAgYRRYvxxEHA
214,B70iTJjcPkuYn8ouUewWgw,fNc1WuGwiT7RhqXUIe4S8A
215,9YUJqcGrh0kbAxsuB34iqw,gpf9qnDEgfGYs-Z6Y-qSsw
216,bTDnkbqbLl05n7dZZ-4zlQ,zZbG50ie0xiB8qBeH04PCQ
217,4_L9bnIvY8TLDfiTBGcnRA,EDU_Zwd7ed_OWxWrGHO9QQ
218,u6ylhDrUV1v6g5Aex8rebw,Fihzq3H6od0AP2WFLCE5yQ
219,O1TvPrgkK2bUo5O5aSZ7lw,G12kABl0tfK4ylgj8XF06w
220,VA95qAV2PRH9gtTi2Vfv4Q,apHPFnDUIaZM7uZoB9DXfw
221,kBAsDEH8iQ5Gzj5kQiy2_w,utxyKs_GwAb7iUIXMu-Xlg
222,VA95qAV2PRH9gtTi2Vfv4Q,SnsZFsVf1tQvBCPmhe8gGw
223,O_UC_izJXcAmkm6HlEyGSA,W2NzlS8OJzGfDfr9oRz11Q
224,fewQMEWjE3IjW_knrKs-tw,BxCzy1WOVxOrr_G7V4BIvg
225,nTMZSvPMSIofI5RLARFIaA,O-b5osM0NO4f31dp6_DatQ
226,b6sUcJj_xbeYrKKOsS9Gjw,D4ETxxeNQEnSw_e1H46DXQ
227,yY3jNsrpCyKTqQuRuLV8gw,_E0uYmCuRhPVYRwhssgKGQ
228,nqTvE7ivdU23oUWdI01tOA,tZkUF9LI9oxtNsZtsbpfVg
229,qNS8nJ7Etfu4LMQcJNG24w,ouCmydTqLJK3nop9zhBv0w
230,HgL6gGEGoAUBKGrT6BXU4Q,eZaCQPZYmETSNiHRagNu2g
231,EK38MXW_OsC5CZVvIZodIw,cisqOxAgQPjVVr9Yzk8_dw
232,NkYUuO3e6YlhZ78I_RmYKA,fXNea6ST3FlFpA9qmSgHGQ
233,vMpJzMFst_9GP4boeqWIRg,-yveZTHH_XPuJlZVa5vikw
234,5aeOewSy4RiI8sLLWpeNGA,fh8a_k9oslEDSHbmJLzUrQ
235,-av1lZI1JDY_RZN2eTMnWg,BY0o4pOtNPKyTklTFXDJpg
236,bebSq0oaQdgPX4tAPkgDlw,bebSq0oaQdgPX4tAPkgDlw
237,nrq5H3LZicjMG0wv7gy08g,iGEvDk6hsizigmXhDKs2Vg
238,JCtTTygnD0cN8246-8OkPg,wRKYLXr9z--kt96ELXzv1Q
239,zIfCWjZ0RAe8YVMSPZdOdA,fOz7RpohSqGKU9Y4ThTrDA
240,B9pMUND3peh4fFtGmqA4LA,8GcBqziFqPkz5YSuXx-tSA
241,4h0JeXtiLaqqpB-9-V7few,D1lAVtlav4atQTJnIvtcpw
242,1TdqKCm_Ef9Zl8Ve4wopzQ,iqpUIj3nYlZigfojH4bDaA
243,x5yBZsTnFb1ah75XRXJz9Q,MYD9cd9lbYCqN-B6DgCtkQ
244,WTi4ZE99EGuoI3P27vpH8g,D-8yidw7FLKKQpciKJSd2g
245,bebSq0oaQdgPX4tAPkgDlw,bLrjQj3G9NAyKoi5EROj1Q
246,FML0YqZ7dLBBC3Suap4_4Q,W2NzlS8OJzGfDfr9oRz11Q
247,1DtyA7pnc66hTkv64lKlzw,YkAIlxYZ1guSqbbowU9X4g
248,_Gv5HPQBM3fzI9bOUYFYuw,BzW-FHKatZtFlbHUf2LwIw
249,H9Ht6OgTMl3PZoX60OzCew,KOAYl73BQ-2tQe0Q-SA9jQ
250,y-Iw6dZflNix4BdwIyTNGA,sFX77sPr_VM8TTaTE6vuZg
251,jja-jgwT5vRAUuL-G_4qKw,jQgYaHH7XZFD_HC_95x5qg
252,Xy7FtuzSt62vrVv-u7HJqA,AdS6ZvrSQK10HXY9-Dyi4w
253,IdHecoatg48hbUMBiuhNXQ,8k45jL_bSy0Zvui3tYDzrQ
254,S2yp22ExErM1wtpUgPC3TQ,EwjOe8ITjL71_xG6vCOMaA
255,4j0HzysAVOKC_Uo0PMXUVA,o0mXgNxnGOLuJauLiK0YPw
256,2Xh-ZYlvm1SxcKdEaD51DA,N8bCOvrGH69jD3-CRc6Fpw
257,r971snuyJm8adl5QjqxHow,_yKbkOTX426PQSt7PjsloA
258,XwMiPqNNKGxDtTC0es8Snw,7z2330fUK7zSXiRjPgrm-g
259,NJX4JknIvjfeVUHMiOfL2w,Qlyo-9TXmyRgXolptGGM2Q
260,pJ_dQ7qxZu-77e-MDU5DHg,Ahquy7Ga9YAFA2JF5vpD3w
261,6VJXyeJd_tJU2MrryUjNTg,bHi2caO6sa5opgxM4a6OKQ
262,aFQQMQlUIW9KajS6oH5kyw,sXKDj1yjfWkwhx5AxrgdBw
263,ze-oUTIq7vY8hWxiUAzqng,MfxiZtn2hnSIuoIPn8oHfw
264,BNDfaDUcuGdiq2ri-p3tbQ,c_hzWIFgbmirxHnzBtkH0A
265,yi2i-7pqU2ea8OI-LfWQ7w,onCx6Ye5IwD07emyj-VLrg
266,vIIxtxi9JZlktO-MOVP4hw,aIBvcOjkAURJJ-UH0G-s0g
267,YrT9HFcGCJIEf0dY8-HDEQ,_l3nxDFpmLUMxCQrz1LfBQ
268,TRI_ktrGZx9dbr-muAyvzw,Jc3r8deDynTPFzXUCLqYsw
269,KYPgJdH0KwBIxCcoz_K08Q,_sJafhhXjkcKmIjWOhRcjQ
270,sSp-ZbEsVDKf8Y2OAXS40A,R3iom4lNTG-9A6qczf6V8w
271,ALkOqlWODyxPg5VSp0HLrg,mjex91FZ2b5Khh4YDK4-9g
272,308f__iS3Qw_qhnda6IVPw,saijdv-vXJrvsCfvr7SZOw
273,3yuvRrw-2Z4rPaZexgUJXA,8zJAGhUZEh836P-E-mGiMw
274,hch0HKpGxg2bHvgjntOfzA,j4C0NelU_RzYMz0jXS-lMg
275,fHyZYsNOhvDQWuW3GGV90g,mmuzUbw_eeAgZn4H2dpAyw
276,nJBwEYaulNXHPAUP0OBRtg,j_hB9Gt3VMJAbA2JyvyFjw
277,ZTrkiSudc8vL3NB2N7XFJw,cepfJZIv0iLj1fDs8LdYZg
278,1RFIVcZYV77tGIwVVGGClw,pDqShrDKRpl8cceGavrZuw
279,qI_oSZvVlV_PJWfNaoXFGw,GY2VyNBxX5H_8kilGCAjUA
280,7UCnvK2576Y9iVKARlY3-w,x3JHj5h33ouzw_Ynj-utJg
281,PUWaJw25IBK1rgdev8VzfQ,d7VZttjMLFOT6ulFVSsnxw
282,g3nkmwBSv6g-AS0FZVkTUA,AmZtNLefJn_LC51FZ6b7Eg
283,10PjVUzO21NhMhMi4nJkXw,CmOFu9WDV0GsxD6QyFV4Iw
284,9rzKGulQsIyVGKiBorufoA,J5ePcNjjnPiSVulu5vvrYg
285,SWY3zdYqwn6JfDQLL0zL9A,REbNih8rOHc63a7WRRKb3A
286,g9g0fLPzznUeAXt-B626oQ,WP1e-VmnTW2K0A9dMCF10g
287,hr9hEXhNNYI7UqPNU1Pt2g,lLujm0yuar140PoNMDqStA
288,13u3XCZRUIU0I2Ck7vVp0Q,G2Z-4U6cDsDQvT6v3FzYmA
289,t_OE7pddZoutbRtq1Pd6bg,zXXk289J87sPH6l0GjiPaA
290,m7v-K-BARyZu6lePJw8u6g,j0FXGJXPK6TGoN8c5fMDLA
291,Ixl5RYGCBrNGhvKz4YM97w,Yy3MBiZ-LEAixgWybF0_Wg
292,mL8egKsPIBAntrleNXLjAg,1pttL4MkpxOL6Mj2azOjVQ
293,U-a61zpbsDNVtKm9W1aqLw,aZZQX9CaHIPubYEK3P9sig
294,uD1k76iz6c3h4doO4o7yIQ,4J4ZcvQFQfOXSrGeZxHYLg
295,PT92mIFSqhkDNfbi0Hq9BQ,Cln4Ar48sr7L70ULkO6TzA
296,hr86GarswrDgD9SpLtD9hQ,56CW9SrX9TGeJBF6mD6TYQ
297,VJHZxXBd7k9A8cQ4j8Uvkg,ejKXczjEkm1gzyRdblQm8w
298,i--dxuKd_6Dx7mwgQ5nl-g,Veh6q4g0w7G4JH1vmBp_Tg
299,CWkTn5-RHJyYnfH8HJ7PFA,xkoQ1c4c6F9Fy3J73kN7Rg
300,2Mnz482BN5VFpJ9vcY84KQ,LbNqcmHB4riZ6x9vf1Ge7A
301,VkC6GKsyrirYtEFlbFPJDQ,OSF8Iy5Xq-hAN4-zhDVS4w
302,H0f7DAWYWia929TO0spgmw,kJGHzVJWFUDyTkAIs8r0Kg
303,NBU_WKFi903SvY-V7pxMZg,i7_JPit-2kAbtRTLkic2jA
304,o5t33JVLpZWf269AEPB95Q,ZV_WwVWXjgXFI9Ug2HyOUw
305,-vQUXh5zfEfTQFTe5w27kA,5H7AyjxmLGuEjigfXVApZg
306,e6UTwduDYz_h0U-TAX3dXQ,drNhiiDfuWAbuGcK3or8IA
307,JnKzrXKxY1cThJ0vNk-4pA,E-F2IXk3LRTwDk2hGFfKIQ
308,1D8_eyNTJwil20wK2-_2vA,bM1upMzv7Xl-qElyxp0OKA
309,Y7vxWyd0jYA3DFk4J6rMrg,C8hcAvh1x4YsjqUsKdcAzw
310,PclXFbQpqK1lKqymFbYCpw,SCXANH5zhmonSxoGihl-zg
311,ZgwgbaVRNqBB7tatc4_76A,xKutf_s_dw35Y-3-ZAPRbQ
312,q3uuXi_U-Jqxsk5Nx1Iomw,ipI4ro9llBJKZ_R_KFOeyg
313,I_DEYAFFpAZA0cd4ogza3A,JePdoHGJ2kWRQkfGx0T34Q
314,_EQbmSPOqzVMdfsPXnVHrQ,QLMqiY-V0_g-xU2yCqxkLA
315,bvJQQsjD9s36phLHKDlUMw,OKUr2j1XwSwrCAiXzX5oFw
316,zo_z6lMRcwHqQF_Z1VZLpg,WRf_U1apFiUujipcGDkOhA
317,rtr3fSe2DIjjTkyHJQtCAQ,Sk0Ycurq7D083Qs8x65b_Q
318,aRqxT28Tdz2aDiZ7Vkyejw,15SZ_CzigAyVUbsijFFQJg
319,b6Rv6vwJPaMAQGuSsqPPPQ,UgK6ixXyU41_f1toz0Iw7A
320,9HC5xHX8QE8VmGd-wCKEaA,meYcIzHdWHlHzp-xISZzLw
321,uEU7I1ngBMlWukilxBfSrw,aKGnuINAtyP32v3Hl23j3Q
322,kmF4ghAzgUNlKj0qifeSRw,R__NLOqjUlw8qf12KD-I5A
323,eyQDJfboFWatb7PKs0t3zw,YTC7x19r-5bht9TX-qDOWg
324,JqCPbQ02W0Jbxrp6X94KQA,G3Z9UREDLB96h3ysQ7P0nQ
325,1zbleOExOpyEA525GbRyqA,5s7WR7AUQDAOXMNKMCdd_Q
326,14mUOZXWmdx6s021VRPlDw,F8NPhGJMLrZv5R3LysyO4Q
327,xAboCt1b_NoMjzTPOGPM8g,NJX4JknIvjfeVUHMiOfL2w
328,y-MIqJ6jvcvwC6ZH05wZoQ,gQbfVuWEElYFqsS0qbUbpQ
329,cNSUWLDiM_0sNB9kyQSsKg,Mh9pUksi_zukLdwDlgG7BA
330,UXHlrjrt72KLojnXZsz7gw,X1uGPGLXPLfSx9OTA5_vQg
331,fi_MEKLFZ3K6FVd0a3qedw,5_TOeHUDK3WrVFNLuusc1g
332,Ud5FqhVC8AdZg9RLzNW_Wg,6Y0POCzN82QHuvKnbeRfcA
333,eyrT84zf4NKs-Zv84O-6DA,momwgw47Pkkbz9ciHQLpsw
334,t8BmwzTWBRy3c6rMVbF76A,1WPxPejsYeOsYvdDepA91g
335,c3fqDo9TYM8rUdTgcOhk-Q,CkcMMGOt_dvKBr0AVJhlZg
336,bl0GSLa6DvLXCvhAw5DVUg,wurpJbu7mISq-7i27VG2mg
337,SDSDJp-d_qUibvLF2FfsCQ,j-so7hJodyMq-qZ2l7IaJA
338,7z2330fUK7zSXiRjPgrm-g,FQJBNFS56QJj8x1Nq3BUNw
339,YxFwTAqZkafofE8_sewpJA,JhAXjfUTzr1ryOYF5WSVOA
340,f2tl_kkmobo-a9w4OIkbhg,TEQmROpCHBxHTCve_2w1_g
341,_pPwJtNAos0Irk987FYNpg,1WE-vUAugCNBg7-Vg4HKBg
342,RVQheBLRMFpaoKXqZ84a4w,217UagoGgTanLS0kfjYmXA
343,rIBgjs2yPbUce6ecJMmH_w,xsl-d_opm3AU5H2Z-im33g
344,SJBzyJDCR_f6dx5tpYAABA,gSPALi3f3Ga01HGXHrhlUQ
345,Riei2mJ51OPhilVauV8NTg,OqYZdBUgmId7tZMAVpiFCw
346,aimw2Ha_bxJfTTSsCnIgLw,rSfbkOc8ncfaGXbF7jXNmw
347,EH8fm70yEU5TGQpFWQ2pKw,7e5VezwFWmNyv5RvuHyFrQ
348,hbculKnTyMBeMQgN3j0QxQ,kiZl4fwzycsogX60drGY2w
349,napBLGNcOQ85c0ub3rwkxA,d_NZqSypBaSs-2-r32CWrw
350,ntasi-3RahuTjPEkN181ug,mUnvrJxmoayVL9aEapGcFQ
351,tg2f6RBsi3memqM-Yb2gUg,XBWjUdzCpKMMrswpY89kqw
352,1L_bnL4xm-Z05k_kx314IQ,00SGRNBhyPJScnMltVFl-Q
353,5a2WPziZW2HoW10H1ovbpQ,ufwkkMd9yr9cFU1R5ONArg
354,JVCkziWkIPbd-6uY4kKZSQ,URvh6DgFyA-d6Z7OVKxczg
355,3XD9zBYx5ODqYFf1krf09A,-zH9u-R0pGpHbrr0G9sMyg
356,sohJAdRJCl1ioRmHdI8XUw,1M-oyCcUluxwTid8vbBSdA
357,HZ3L9BCmDLy9Q1zWTD4D6Q,k1lSQ4VIqEn36UL1zkb3dw
358,7TyK3oSb8I8iW-Ev6OfHEw,fB-v-caPf0o3eUkp_2ua2Q
359,vsqj1m6vFQ-R3TzuA1KxMQ,4h6LSyBwqlcxIGRg8bgalA
360,fpqJ7WASN_hVdB-n4HrD8w,E4wuEcTEmuq7kvgSbTDLFQ
361,kpyEn-jZ3zRcrg-mZ07_Ag,vMf0OZmf3mfKtCRB9v-1_w
362,AS1-a-5KnvxZNCkhQaG1Yg,3OtwI9usuWqdqSiHTewKlQ
363,x4q_kJ-dvaHL7dkpZKJUdg,5s7P8qWKPdi6WzFcdmOJHQ
364,wKc2EBr_NnLJk0awKR1TQw,BLwopwKT4lr50nAo1G0DAA
365,OF-mx8RSCB0K_XwY1iJjRw,k1KVK8RnjZ2FJKMO3EcxQQ
366,JPBHpiGDsdaXcfgtEcG1OQ,LHLtCFL18ouacaXzQXx9jw
367,t8BmwzTWBRy3c6rMVbF76A,eZQV20xRXOuqR1Hej3nEqA
368,Ju1HcOrW9zR5AJ-5z_-aOQ,lfZf3VbivfjrifpIXklNBw
369,aRkP-RzuuUQLfUx8Kk4aVw,lDcukccYQfgiY78jZXmCPg
370,y2x6IvrZvN8Jo-xmW5rw8A,oHgCHC8a3QNJiB4-Ld0_kg
371,HdsnvJdRGHEE4qFum2Nqug,nPScIPiMb3hy1CnrLfEZuQ
372,ZI02r8xoBNYjYGHyrNWAkw,qQOysPSAXDMs1rLy6KOiMw
373,Bw_rDtU2REt7ZlkPWT21kg,cmDKKKqVfS2JB-CVOy6fow
374,vZyF3o30_m_-Pp5u0DkLoQ,O3AU1lJmNYgm1FWipLnA4g
375,KH_NjnfFJ3cmqTRNvHrPvw,yBPvOaqLmkaNqzV3KasKJQ
376,PYab-9N2OCYHhOD_C_diWw,tS58M3ksle_MHc_vn4VgRA
377,4CH7J6XlJEEEUkYPZPYQrg,3ycYtMXIAMz7SSyFUfSppA
378,0EnWs1tt7Nww5NMbW-zZKw,Bd0wABcsTNoFPYhD9gOQug
379,mFBZcwkHuys0pbyBGOhKoQ,Ay98aEPMNGk-fVWLEFCANA
380,j89qFSIQFwIBxSs7OnvSMQ,Be9hkCoOJZB7pUxvjkPBNQ
381,1FMIjdO-BLUoc9lghdcnIg,NrJSy3dgcXErFtOKGREmnw
382,RSOJq1ipeKRLsQrVrg8zsg,1ojeNI9mlgKku1qMRpuMOA
383,jAIeziQkY_JScpBT1tovFg,l7bLPv5G6JwOySt8Wo7xkg
384,gloo81KSL_oFzTdq5t3Gyg,jhKKwn9FSwFbZsbbYi5WfQ
385,hLDEtvhH3Z5H1J5-3UM5kg,WwSwuMu_menj4BzTdrKUdQ
386,Tp4EPLp3LOu-K5_FlYSPEg,vtEbAZByGiFx7QC2Ym2GvQ
387,V6p6slLP11_yJjuFPGtEaw,I0Na8CN_Mtvdzx9Nw18l1g
388,X9YetV-zZ_Biq5G_RCEWfw,tpesKzKbcPFekdThYZ4UpA
389,CYD_it997VNrA3gGB5Snnw,7lvogweL-b7av26TUOCf4w
390,cOgYP3VGi_Eh6i35JlVRLQ,_yKbkOTX426PQSt7PjsloA
391,rr9sk5DxL8wHxqIF48uJlg,-t2b2DaLhrb2-Ngv8Tvw9w
392,eIcTq4cwZjkj6-99vyjotw,lviehxWGvjX69Ej4VWF5gw
393,oJSa5HCiZXKLXxggQmecEQ,q-Mbr_XrA93pQkNaWJ6sMg
394,Jo3Cpvf8fpfcAIFG3TagbQ,htbLxEfvaBpVuIqEYRFw5g
395,Xl1RUYNywK3UfDX0AXIt2w,8td1xV3B0hJc3wYpGmjtRQ
396,F606Q2Jkel7rUCVgxkScVA,ZpLwyqxMFy5IsRpdLhGLSQ
397,7xHhVn27WxjdPNsfLYQz5w,Gwcd2T4QR5CKDDUqfl7hUg
398,qrtSYsCVhFVlgOgTEk4s8g,-ug8U8rDNpW5s_4qCowtzg
399,uLbwNH4tINbqx_88bFp17Q,ww_MXl-qDLeYdYTZZ9KWbA
400,3mHlegCgiqu3nfCncLnmoQ,HpIMW1G5B5KTxvt1zdrdQw
401,GBv4quGYhce9WriN-LI-nA,7SOq25mpqrtgWYUKh9NPjw
402,TTFwX39AlxSebFYUlLR9eg,NvGm7QmiSjlmfud2qGleNQ
403,10PjVUzO21NhMhMi4nJkXw,e8_S9lVilGuOhISBIzwVFQ
404,Ae4ABFarGMaI5lk1i98A0w,OP9iJKhKQ39PJnhk0G_ZrA
405,7iV5frbYn3FSRGxqmCnC_Q,gnZT6i5UDrpIHfotfryTUQ
406,BnkPGoz3wzqqq8tYU1ghSA,T_Vjy4_Z-F0mFQMLRHDTrQ
407,LpyL4cOZyOjJevyDYqyEtQ,NhltyeTQSLCwnTSkGFl6bA
408,RLvj5NREjeYwQtIRkeuXbw,T9cAwl32OBgi0o8rQe8PJA
409,EIKurJ0CUXJ2sDs900Lb4Q,xYW8DEHo2-b9UaYfhdzKUA
410,98WwIFhpPdg2Wk4EQet5Tg,Mk77MGntQHU8ZYVofKBJ-w
411,kYezxBTjUC49pva5HLPKbg,CZ8WjbGmjbm_t_qb_kRs0Q
412,3rTr1LTMj6MIExjCVaiWKw,Zx-rz7D4DOT8Kmx97LFAjw
413,e5sG3W76VcRXsmIBHPEMhQ,vl_LNtimh_DMxZ1YQfl8aA
414,5sZQ8ROz9JkkvC-guSVMTg,R8gLXnYYUT2Rr1SxRmZVyg
415,m_oDb20lRwkEsp6SY6caEw,XWf49CJWn1DtR3vq1goVhQ
416,U1pyX7HuakjAkxFsowfdmg,xnlhzM9aBC9IuN0BBgwJPA
417,XMJAeXBHETtUhvldZC52CQ,kAyzCnimBg3rjhlWnYyH3g
418,Fvt-drBUWYRCRUlDHMP7wA,wjSZdl39Ifo_2pVNTCxUZA
419,Vd2gy2PSrcG4UtYzVnYM_A,ttuEwktrkmh3TUlSFPZqAA
420,lkvHG6proAFP8_evKhdxKA,l-p9OoELUrf_zGyeB2NZHQ
421,i--dxuKd_6Dx7mwgQ5nl-g,EJHDhuxYQNWhSENrWX6OHg
422,-av1lZI1JDY_RZN2eTMnWg,lZsEr56UOesEWpGeZikLIw
423,rkfwxvOjIzgZiv2XdMC8_Q,Hj_pXjhl-J2yjpJX-vyeMA
424,NFfSY_XGa5jQTk19-2l01g,A-2rj2poYBBjtenXSzKsyg
425,B7crzLt3Cmq2Uy3JOiMnRw,9KBd2YPnRxaNjZz23TUd6A
426,_iGiQu2szKRDLJZaaTbgjg,At9-bqHbHBW6S69S5Bi55w
427,oHwHEnks9WNP6innmm9-Qw,GqFCZvsb4xKc27juBo_78w
428,ET4y-4D-FRYeFxYBxLcKrg,Fi3x4W9PjynIEvAYOrOzdQ
429,mPa8X5WVTupKwKp9et2Azg,eISyaSdeTWQA2z9k-r_F4Q
430,WHfgo788tdCywQbgG04rDA,KnV-IaFLBNR4aT7c_voXjQ
431,5mUtUODlMOItgwALZOItpQ,RF4SJ2UNmTWsfBE5sc7TYQ
432,kVZe-T3_SFQeDIH-4lh-Zg,C3rH8u6P3wFH95AH8SeNmw
433,3Nw_mnpdpqtAJ5bRt0jsvw,7wduNBQUATNkaYzExyGJpg
434,GwbKZhWqzZE4C_K1prXbAA,ztEHmXTrWAfpFOOFktKzSQ
435,lZF4wRifqWKMa2IJBu-4jQ,XnNKFv5xqdPd9K1aAW-uUQ
436,pyvxQ1eCeU62I9cWr5uo1g,37oAPnVF_mXRz_O7Z0uQjA
437,D1lAVtlav4atQTJnIvtcpw,npTomO2iJwilPgn8UOQqrA
438,2lo7N8RZOCS0DDxO6LPQhw,pfpOi3Q-Yap72z2bLKdWPQ
439,siBl-2Rle4DhIEOrVPvekg,H2gXfJQXltAqnpEwc58Img
440,U9l1qce9SxSTvXuB87F-CQ,v7_DC_yuwCbLIyw8hD6tVw
441,LHt5Czj7B4rspfOuuxKjwQ,VLADlejrXlIORn0Hx0tk1g
442,ci4y1hlswh2ZWBNzySJKxQ,6b0Cy4MPzyKMo6cAhYHY9Q
443,eZaCQPZYmETSNiHRagNu2g,kNsawZpFG2Nhb4Ja1g5_Bg
444,DeF3izRhyo0UPB0ZX_tC7w,oKfiAU3X4C2chk6DJdKPAQ
445,vkgiiTkicGSy-JAxxTfXow,Zr3ztn_ulr3bFi1lbfDl1g
446,8mtCZH56aZYl0mkAXBLSXg,UdBOTGSbC6VOhUg6l9OwXA
447,AVwE6GQmlCTAjaDbli4IKg,KJMJwBtl4gnvymW7Wr7Ilw
448,fLxn7nVQzESaIqrFLsjEbQ,_M8YJDCVKGSOVU3GsoTXpA
449,ooaCcPbXgGAW_S0rzK4PNA,KuxDPl6UYNLxFChPm0_MNw
450,EIzc89BHzbZqmGA7wmhzFA,ET4y-4D-FRYeFxYBxLcKrg
451,GMPe2y1I9kNWyuqUJUTb4A,LNPyUTvOuQ_xNKXqp2dcOQ
452,NyrbhFzI0f9DZlZdo-WabQ,BoOceE98Hvg1i8vpZdkXUA
453,fSZy3n7q4-iFIbkc55sn7g,8e5xJ8LtANtww6fcMM_iMg
454,lsxbnkAD5DZ4SuVPrFx39A,oPkfgVr_gNczmZMFrIEARQ
455,8jvNcyIK8Cf1YLLSFwjwbw,kHKFpWsbffVgLZChDvvS9Q
456,N75qNiNuQ-EDIg-o07dEiQ,3D-FJxp8bsBzm3zJVqs92g
457,G9jwU3O0HOXTHt43eJi2mg,PXN0l42g6IWp18NGJ7yn5w
458,VrSxKWokl9292HOgU7A46g,U0IDo1IWRdInEPozUqB_Sg
459,o1FLiGssn5Wxc_POWSuZZA,UWupVhvb1qWZh8rNowJliQ
460,6lflpibyf4w3Uwx6EINtgA,jxc3XS6v7J-_WHgYuaJ_cA
461,yaViddk9vxi-7p8DnjoClw,MuPpzxm0WY2AXJrYRBAFjg
462,JhAXjfUTzr1ryOYF5WSVOA,s6-E2ojR__3CSCsIvVq-xA
463,S1otvo2B2QpOyU7iHeKLEQ,K3NW8TEu4QRQvFvHer8v4A
464,qWcnUYLcT2RPEvREpuOkmg,S86x72S9EisGYllwpwJY2Q
465,pwtTn72x7Nqp1imaXw9LvQ,UntYhU75-CqypVO8Qin9qw
466,phxC_5lTppMGf79F8Y-uHQ,0LU8TLoYmMf6_ujYMPFGJg
467,WAT9U6sR07mhfcEHECGHdQ,MaOGOkeJMvGg6wzDkruDLQ
468,zMqkXH70p-WDYj2xqR2Wuw,SJJlpzpcL09Qdjr5MaKAWA
469,xUqvdu8BqEFRx2YDW4cbDw,GuMwlyen4iXke5IWi7HPiA
470,Qa4eXuZ1IFPwnVXJcpZWtw,faN8Dvh48nH_SPN4q95-mA
471,28adZ4lsuUeVB2aWzohK9g,Y1y6gmddorR5qTu1u5nGGg
472,sEAKw3MZkER1u_1fzIeD3g,aY0Y058p2_iWxMAZron2mg
473,NOKaVqvi4hI8RgGjFCFIAg,NNR0daIlKHTp2yU3F4H36A
474,-vQUXh5zfEfTQFTe5w27kA,c9eiZmPuSu9XRqSaw4mhUQ
475,An13-_tazw3KTfYCzgoy0g,7LBVI9euGV3ugO0-efZHvg
476,80E_I7jlOOfQp5JuFs-yBw,S689qEirybYOdlC9fgwYVQ
477,iHzgeI9ryIniOX9-AJPbcg,PM-wrPs592ue3ybuFABv1w
478,AH-ZCxeQe8CrygDreDFCGQ,A7GPx0yamsH4LGEIighfkA
479,SK7QSFVvDx8kyRyJdYQHNA,aNZa21WWMc-2HpToNDMhHg
480,nzVU42rf8q-ZUx0f9wP9JA,0gF4-D1TlbQf9oQGZLOtRQ
481,QfIJFYIVeZQ3phDJ96JRmw,293yjVaNSykoSBbzkWFIJw
482,KWo7yznFXa-Q2l1aOXAwAA,l1_S1mfGbEMxfT1f9omhEA
483,H3JWDqVp_TQGzZ0PgNCFOQ,luJ2N0iMnfmqmj4ksl58HA
484,H-TEXVBXoNLFw2lp9gA2zA,4FCYKCXUAxOZPeA48FeAyw
485,XzDQx9TaXKdKIN471Pb2bA,68PJJkcq_i0SlLqO6t7Qxw
486,m3v4844_YmhT6dDcbxAWoA,x7V4wx8O_5EWP1SacNtWSQ
487,hMwkDamyJzwQwBC_M11tTw,k216g_LRctaecOejbFKBgw
488,90WL2eC_jNfR1_lwGhkHFA,Y5vtCtpQqusKSaCJM-9bmA
489,wSojc-y-d7MWiGWdy8deCg,XdbALxZ0obqkAfqwR3m8zg
490,qBfLN4GIaaDtW4R4Ic4PtA,Oc5XEAWzpPXQwT_XY851ng
491,ArEvcch9w2d8LJSQjEosqA,3taKKR4OU8WtpGixRGJC3Q
492,MKCBCqaCu1BJxm13jORHaw,dfACx04yua6IRy1l_0dcIw
493,2V8r_VDFqbGNZclTW25FGg,kHKFpWsbffVgLZChDvvS9Q
494,wY8EmrjhokXEgSeCOJwoqQ,edO9zyRGJcwiso8ZcAkA8Q
495,8UiPh7jaIqT_Dm8Qt_9frA,imDp2s4TANwV39FfYXTAEA
496,-ugjEI8G6zD7kH1M9ejnuA,umUjoJiFSFVN8om8BRBqjg
497,BN7KeClLq8DR-crgAImpcQ,60kI2sFZCJO7X-r7tbkFVQ
498,6smwa_S1sDQRSPp9uGFe2g,0KN2L1CNIj4ppjNwIKJ2nw
499,T3eygkCPKat4TMyWIKLtGg,naakYi_VGjcAGE-ZTprWCA
